{
  "models": {
    "xgboost": {
      "f1": 0.11195928753180662,
      "recall": 0.2,
      "precision": 0.07773851590106007,
      "auc": 0.5583980219653844
    },
    "transformer": {
      "f1": 0.17859923862259908,
      "recall": 0.6103636901241869,
      "precision": 0.1046037296037296,
      "auc": 0.56836325854788
    },
    "lstm": {
      "f1": 0.0,
      "recall": 0.0,
      "precision": 0.0,
      "auc": 0.0
    }
  },
  "ts_smote": {
    "before": {
      "f1": 0.165,
      "recall": 0.4
    },
    "after": {
      "f1": 0.17859923862259908,
      "recall": 0.6103636901241869
    }
  },
  "optimal_threshold": {
    "value": 0.49999999999999994,
    "f1": 0.17859923862259908,
    "recall": 0.6103636901241869,
    "precision": 0.1046037296037296
  },
  "confusion_matrix": {
    "tn": 66704,
    "fp": 70679,
    "fn": 5271,
    "tp": 8257
  }
}