{
  "data": "C:\\Users\\sihwa\\OneDrive\\바탕 화면\\기계학습프로젝\\처른레이더\\raw\\raw\\baza_telecom_v2.csv",
  "rows": 8453,
  "features": [
    "Total_SUBs",
    "AvgMobileRevenue",
    "AvgFIXRevenue",
    "TotalRevenue",
    "ARPU",
    "Active_Ratio",
    "Not_Active_subscribers",
    "Mobile_Revenue_Ratio",
    "Inactive_Ratio",
    "CRM_PID_Value_Segment",
    "EffectiveSegment"
  ],
  "target": "CHURN",
  "churn_rate": 0.06494735596829528,
  "train_rows": 6762,
  "test_rows": 1691,
  "models": {
    "balanced_random_forest": {
      "precision": 0.07807807807807808,
      "recall": 0.4727272727272727,
      "f1": 0.13402061855670103,
      "roc_auc": 0.5687942038985682,
      "confusion_matrix": [
        [
          967,
          614
        ],
        [
          58,
          52
        ]
      ],
      "classification_report": {
        "No Churn": {
          "precision": 0.9434146341463414,
          "recall": 0.6116382036685643,
          "f1-score": 0.7421335379892555,
          "support": 1581.0
        },
        "Churn": {
          "precision": 0.07807807807807808,
          "recall": 0.4727272727272727,
          "f1-score": 0.13402061855670103,
          "support": 110.0
        },
        "accuracy": 0.602602010644589,
        "macro avg": {
          "precision": 0.5107463561122098,
          "recall": 0.5421827381979185,
          "f1-score": 0.43807707827297826,
          "support": 1691.0
        },
        "weighted avg": {
          "precision": 0.8871242608953013,
          "recall": 0.6026020106445891,
          "f1-score": 0.7025756307523656,
          "support": 1691.0
        }
      }
    },
    "easy_ensemble": {
      "precision": 0.07511737089201878,
      "recall": 0.5818181818181818,
      "f1": 0.13305613305613306,
      "roc_auc": 0.5686619515841527,
      "confusion_matrix": [
        [
          793,
          788
        ],
        [
          46,
          64
        ]
      ],
      "classification_report": {
        "No Churn": {
          "precision": 0.9451728247914184,
          "recall": 0.5015812776723593,
          "f1-score": 0.6553719008264463,
          "support": 1581.0
        },
        "Churn": {
          "precision": 0.07511737089201878,
          "recall": 0.5818181818181818,
          "f1-score": 0.13305613305613306,
          "support": 110.0
        },
        "accuracy": 0.5068007096392667,
        "macro avg": {
          "precision": 0.5101450978417186,
          "recall": 0.5416997297452706,
          "f1-score": 0.39421401694128966,
          "support": 1691.0
        },
        "weighted avg": {
          "precision": 0.8885754859806946,
          "recall": 0.5068007096392667,
          "f1-score": 0.6213951211370705,
          "support": 1691.0
        }
      }
    }
  },
  "best_model": "balanced_random_forest",
  "best_f1": 0.13402061855670103,
  "best_model_path": "C:\\Users\\sihwa\\OneDrive\\바탕 화면\\기계학습프로젝\\처른레이더\\models\\imbalanced_best_model.joblib"
}