{
  "csv": "C:\\Users\\sihwa\\OneDrive\\바탕 화면\\기계학습프로젝\\처른레이더\\data\\processed\\kkbox_customer_month_churn.csv",
  "rows": 300000,
  "features": 115,
  "churn_rate": 0.08994333333333333,
  "train_rows": 180000,
  "val_rows": 60000,
  "test_rows": 60000,
  "best": {
    "model": "LightGBM_balanced",
    "train_seconds": 12.884,
    "val_best_f1": 0.8917805654371841,
    "threshold": 0.8630278792862845,
    "f1": 0.8910648714810282,
    "precision": 0.9058192955589587,
    "recall": 0.8767833981841764,
    "roc_auc": 0.9949958141267381,
    "average_precision": 0.9607829404453129,
    "tn": 54111,
    "fp": 492,
    "fn": 665,
    "tp": 4732,
    "pred_pos_rate": 0.08706666666666667,
    "default_f1": 0.8841011666524738
  },
  "models": [
    {
      "model": "LightGBM_balanced",
      "train_seconds": 12.884,
      "val_best_f1": 0.8917805654371841,
      "threshold": 0.8630278792862845,
      "f1": 0.8910648714810282,
      "precision": 0.9058192955589587,
      "recall": 0.8767833981841764,
      "roc_auc": 0.9949958141267381,
      "average_precision": 0.9607829404453129,
      "tn": 54111,
      "fp": 492,
      "fn": 665,
      "tp": 4732,
      "pred_pos_rate": 0.08706666666666667,
      "default_f1": 0.8841011666524738
    },
    {
      "model": "LightGBM_regularized",
      "train_seconds": 16.438,
      "val_best_f1": 0.8890740740740741,
      "threshold": 0.8563294166375333,
      "f1": 0.8887439433469996,
      "precision": 0.8939081537019682,
      "recall": 0.883639058736335,
      "roc_auc": 0.99443701449353,
      "average_precision": 0.9553127738475268,
      "tn": 54037,
      "fp": 566,
      "fn": 628,
      "tp": 4769,
      "pred_pos_rate": 0.08891666666666667,
      "default_f1": 0.8708920187793427
    },
    {
      "model": "XGBoost_weighted",
      "train_seconds": 13.038,
      "val_best_f1": 0.8787597474935017,
      "threshold": 0.8640666604042053,
      "f1": 0.8790922619047619,
      "precision": 0.8825396825396825,
      "recall": 0.8756716694459885,
      "roc_auc": 0.9934240650278615,
      "average_precision": 0.9481699955903276,
      "tn": 53974,
      "fp": 629,
      "fn": 671,
      "tp": 4726,
      "pred_pos_rate": 0.08925,
      "default_f1": 0.8594243886208618
    }
  ],
  "model_path": "C:\\Users\\sihwa\\OneDrive\\바탕 화면\\기계학습프로젝\\처른레이더\\models\\kkbox_customer_month_sample_best_model.joblib"
}