{
  "csv": "C:\\Users\\sihwa\\OneDrive\\바탕 화면\\기계학습프로젝\\처른레이더\\data\\processed\\kkbox_customer_month_churn.csv",
  "rows": 970960,
  "features": 115,
  "churn_rate": 0.08994191315811156,
  "train_rows": 582576,
  "val_rows": 194192,
  "test_rows": 194192,
  "best": {
    "model": "LightGBM_balanced",
    "train_seconds": 45.081,
    "val_best_f1": 0.8994454504300589,
    "threshold": 0.8511972985627064,
    "f1": 0.8987637633409367,
    "precision": 0.884344693821003,
    "recall": 0.9136608267491125,
    "roc_auc": 0.9956898398358667,
    "average_precision": 0.9636890300870118,
    "tn": 174639,
    "fp": 2087,
    "fn": 1508,
    "tp": 15958,
    "pred_pos_rate": 0.09292349839334267,
    "default_f1": 0.8760377455783015
  },
  "models": [
    {
      "model": "LightGBM_balanced",
      "train_seconds": 45.081,
      "val_best_f1": 0.8994454504300589,
      "threshold": 0.8511972985627064,
      "f1": 0.8987637633409367,
      "precision": 0.884344693821003,
      "recall": 0.9136608267491125,
      "roc_auc": 0.9956898398358667,
      "average_precision": 0.9636890300870118,
      "tn": 174639,
      "fp": 2087,
      "fn": 1508,
      "tp": 15958,
      "pred_pos_rate": 0.09292349839334267,
      "default_f1": 0.8760377455783015
    },
    {
      "model": "LightGBM_regularized",
      "train_seconds": 48.467,
      "val_best_f1": 0.8949489752165337,
      "threshold": 0.8585091398886198,
      "f1": 0.8937997724687144,
      "precision": 0.8880411438905844,
      "recall": 0.8996335738005268,
      "roc_auc": 0.9948739286667163,
      "average_precision": 0.9581865684730935,
      "tn": 174745,
      "fp": 1981,
      "fn": 1753,
      "tp": 15713,
      "pred_pos_rate": 0.09111600889840982,
      "default_f1": 0.8658445919963084
    },
    {
      "model": "XGBoost_weighted",
      "train_seconds": 38.914,
      "val_best_f1": 0.8860716023237845,
      "threshold": 0.8483399748802185,
      "f1": 0.8857411041897773,
      "precision": 0.8801085297608954,
      "recall": 0.8914462384060461,
      "roc_auc": 0.9938798070603587,
      "average_precision": 0.951023733471061,
      "tn": 174605,
      "fp": 2121,
      "fn": 1896,
      "tp": 15570,
      "pred_pos_rate": 0.091100560270248,
      "default_f1": 0.8553443090881289
    }
  ],
  "model_path": "C:\\Users\\sihwa\\OneDrive\\바탕 화면\\기계학습프로젝\\처른레이더\\models\\kkbox_customer_month_best_model.joblib"
}