{
  "target_f1": 0.6,
  "target_reached": true,
  "target_reached_count": 16,
  "best_model_path": "C:\\Users\\sihwa\\OneDrive\\바탕 화면\\기계학습프로젝\\처른레이더\\models\\best_processed_f1_model.joblib",
  "table_path": "C:\\Users\\sihwa\\OneDrive\\바탕 화면\\기계학습프로젝\\처른레이더\\results\\processed_dataset_benchmark.csv",
  "best": {
    "dataset": "iranian",
    "model": "HistGB_balanced",
    "rows": 3150,
    "features": 15,
    "churn_rate": 0.15714285714285714,
    "threshold": 0.4900405504285146,
    "val_best_f1": 0.9,
    "test_tuned_f1": 0.900990099009901,
    "test_default_f1": 0.9054726368159204,
    "test_precision": 0.883495145631068,
    "test_recall": 0.9191919191919192,
    "test_roc_auc": 0.9932659932659933,
    "test_average_precision": 0.9672371753390617,
    "tn": 519,
    "fp": 12,
    "fn": 8,
    "tp": 91,
    "train_seconds": 1.079
  },
  "best_by_dataset": [
    {
      "dataset": "iranian",
      "model": "HistGB_balanced",
      "rows": 3150,
      "features": 15,
      "churn_rate": 0.15714285714285714,
      "threshold": 0.4900405504285146,
      "val_best_f1": 0.9,
      "test_tuned_f1": 0.900990099009901,
      "test_default_f1": 0.9054726368159204,
      "test_precision": 0.883495145631068,
      "test_recall": 0.9191919191919192,
      "test_roc_auc": 0.9932659932659933,
      "test_average_precision": 0.9672371753390617,
      "tn": 519,
      "fp": 12,
      "fn": 8,
      "tp": 91,
      "train_seconds": 1.079
    },
    {
      "dataset": "ibm",
      "model": "EasyEnsemble",
      "rows": 7043,
      "features": 19,
      "churn_rate": 0.2653698707936959,
      "threshold": 0.5555289393751213,
      "val_best_f1": 0.6330390920554856,
      "test_tuned_f1": 0.6379746835443038,
      "test_default_f1": 0.6139630390143738,
      "test_precision": 0.6057692307692307,
      "test_recall": 0.6737967914438503,
      "test_roc_auc": 0.8425107856054148,
      "test_average_precision": 0.6626714067789035,
      "tn": 871,
      "fp": 164,
      "fn": 122,
      "tp": 252,
      "train_seconds": 1.925
    },
    {
      "dataset": "cell2cell",
      "model": "XGBoost_weighted",
      "rows": 51047,
      "features": 56,
      "churn_rate": 0.2881853977706819,
      "threshold": 0.46633294224739075,
      "val_best_f1": 0.5043458371454712,
      "test_tuned_f1": 0.5002277904328019,
      "test_default_f1": 0.4938366718027735,
      "test_precision": 0.3761562178828366,
      "test_recall": 0.7464309993201903,
      "test_roc_auc": 0.6736413487767728,
      "test_average_precision": 0.44932294361379627,
      "tn": 3626,
      "fp": 3642,
      "fn": 746,
      "tp": 2196,
      "train_seconds": 1.194
    },
    {
      "dataset": "baza",
      "model": "LR_balanced",
      "rows": 8453,
      "features": 11,
      "churn_rate": 0.06494735596829528,
      "threshold": 0.5472137611932458,
      "val_best_f1": 0.18439716312056736,
      "test_tuned_f1": 0.15571776155717762,
      "test_default_f1": 0.1348314606741573,
      "test_precision": 0.10631229235880399,
      "test_recall": 0.2909090909090909,
      "test_roc_auc": 0.5626703467310679,
      "test_average_precision": 0.08076903976429017,
      "tn": 1312,
      "fp": 269,
      "fn": 78,
      "tp": 32,
      "train_seconds": 0.035
    }
  ]
}